{"count":1,"self":7.4023391999999992,"total":72.8288226,"children":{"InitializeActuators":{"count":25,"self":0.001,"total":0.001,"children":null},"InitializeSensors":{"count":25,"self":0.0010027,"total":0.0010027,"children":null},"AgentSendState":{"count":17667,"self":0.0380495,"total":0.279321,"children":{"CollectObservations":{"count":88350,"self":0.036618399999999995,"total":0.036618399999999995,"children":null},"WriteActionMask":{"count":88350,"self":0.0070168999999999995,"total":0.0070168999999999995,"children":null},"RequestDecision":{"count":88350,"self":0.052121,"total":0.19763619999999998,"children":{"AgentInfo.ToProto":{"count":88350,"self":0.0421334,"total":0.14551519999999998,"children":{"GenerateSensorData":{"count":88350,"self":0.1033818,"total":0.1033818,"children":null}}}}}}},"DecideAction":{"count":17667,"self":36.498556799999996,"total":36.4985561,"children":null},"AgentAct":{"count":17667,"self":28.620499199999998,"total":28.6204991,"children":null},"AgentInfo.ToProto":{"count":4644,"self":0.0090821,"total":0.026104199999999998,"children":{"GenerateSensorData":{"count":4644,"self":0.0170221,"total":0.0170221,"children":null}}}},"gauges":{"Move To Target.CumulativeReward":{"count":4644,"max":10,"min":-100,"runningAverage":0.347300559,"value":0.142857149,"weightedAverage":0.324886441}},"metadata":{"timer_format_version":"0.1.0","start_time_seconds":"1700600401","unity_version":"2022.3.13f1","command_line_arguments":"C:\\Program Files\\Unity\\Hub\\Editor\\2022.3.13f1\\Editor\\Unity.exe -openfile C:\\Users\\Ram\\dev\\github\\CogniMaze\\cognimaze\\Assets\\Scenes\\SampleScene.unity","communication_protocol_version":"1.5.0","com.unity.ml-agents_version":"2.0.1","scene_name":"SampleScene","end_time_seconds":"1700600473"}}